Mario Speedwagon,Mario_Speedwagon@hanmail.net,45,DE
Petey Cruiser,Petey_Cruiser@hanmail.net,19,DE
Anna Sthesia,Anna_Sthesia@gmail.com,19,AL
Paul Molive,Paul_Molive@apple.com,56,NJ
Anna Mull,Anna_Mull@naver.com,25,TX
Gail Forcewind,Gail_Forcewind@hanmail.net,21,MI
Paige Turner,Paige_Turner@naver.com,53,CO
Bob Frapples,Bob_Frapples@naver.com,29,AL
Walter Melon,Walter_Melon@apple.com,31,FL
Nick R. Bocker,Nick_R._Bocker@naver.com,21,MI
Barb Ackue,Barb_Ackue@apple.com,21,DE
Buck Kinnear,Buck_Kinnear@naver.com,55,MA
Greta Life,Greta_Life@naver.com,30,IL
Ira Membrit,Ira_Membrit@gmail.com,48,IL
Shonda Leer,Shonda_Leer@naver.com,31,MA
Brock Lee,Brock_Lee@apple.com,60,TX
Maya Didas,Maya_Didas@apple.com,36,AL
Rick O'Shea,Rick_O'Shea@naver.com,44,NV
Pete Sariya,Pete_Sariya@gmail.com,22,NV
Monty Carlo,Monty_Carlo@gmail.com,32,AZ
Sal Monella,Sal_Monella@apple.com,49,TX
Sue Vaneer,Sue_Vaneer@apple.com,34,NJ
Cliff Hanger,Cliff_Hanger@apple.com,27,AL
Barb Dwyer,Barb_Dwyer@apple.com,49,DE
Terry Aki,Terry_Aki@hanmail.net,51,AL
Cory Ander,Cory_Ander@hanmail.net,28,CA
Robin Banks,Robin_Banks@hanmail.net,50,CO
Jimmy Changa,Jimmy_Changa@naver.com,58,MA
Barry Wine,Barry_Wine@hanmail.net,47,DE
Wilma Mumduya,Wilma_Mumduya@naver.com,21,WA
Buster Hyman,Buster_Hyman@apple.com,58,IL
Poppa Cherry,Poppa_Cherry@hanmail.net,32,DE
Zack Lee,Zack_Lee@apple.com,22,MA
Don Stairs,Don_Stairs@hanmail.net,45,FL
Saul T. Balls,Saul_T._Balls@apple.com,28,AZ
Peter Pants,Peter_Pants@naver.com,47,DE
Hal Appeno ,Hal_Appeno @gmail.com,52,NY
Otto Matic,Otto_Matic@hanmail.net,44,IL
Moe Fugga,Moe_Fugga@gmail.com,59,FL
Graham Cracker,Graham_Cracker@hanmail.net,53,TX
Tom Foolery,Tom_Foolery@hanmail.net,21,IL
Al Dente,Al_Dente@apple.com,37,AL
Bud Wiser,Bud_Wiser@apple.com,49,IL
Polly Tech,Polly_Tech@gmail.com,25,AZ
Holly Graham,Holly_Graham@gmail.com,20,AZ
Frank N. Stein,Frank_N._Stein@apple.com,40,TX
Cam L. Toe,Cam_L._Toe@apple.com,50,AZ
Pat Agonia,Pat_Agonia@gmail.com,24,NJ
Tara Zona,Tara_Zona@apple.com,31,FL
Barry Cade,Barry_Cade@apple.com,37,AL
Phil Anthropist ,Phil_Anthropist @apple.com,29,AL
Marvin Gardens,Marvin_Gardens@naver.com,31,CA
Phil Harmonic ,Phil_Harmonic @apple.com,54,AZ
Arty Ficial,Arty_Ficial@apple.com,20,NY
Will Power,Will_Power@gmail.com,38,DE
Donatella Nobatti,Donatella_Nobatti@hanmail.net,29,AL
Juan Annatoo,Juan_Annatoo@naver.com,34,MA
Stew Gots,Stew_Gots@naver.com,55,NY
Anna Rexia,Anna_Rexia@gmail.com,41,AL
Bill Emia,Bill_Emia@gmail.com,56,TX
Curt N. Call,Curt_N._Call@apple.com,47,MA
Max Emum,Max_Emum@gmail.com,31,CA
Minnie Mum,Minnie_Mum@gmail.com,22,NV
Bill Yerds,Bill_Yerds@hanmail.net,44,WA
Hap E. Birthday,Hap_E._Birthday@gmail.com,53,CA
Matt Innae,Matt_Innae@apple.com,50,AZ
Polly Science,Polly_Science@hanmail.net,20,MA
Tara Misu,Tara_Misu@naver.com,32,AZ
Ed U. Cation,Ed_U._Cation@hanmail.net,25,TX
Gerry Atric,Gerry_Atric@naver.com,59,FL
Kerry Oaky,Kerry_Oaky@apple.com,58,FL
Midge Itz,Midge_Itz@hanmail.net,36,MA
Gabe Lackmen,Gabe_Lackmen@hanmail.net,34,NY
Mary Christmas,Mary_Christmas@hanmail.net,29,AZ
Dan Druff,Dan_Druff@apple.com,35,DE
Jim Nasium,Jim_Nasium@naver.com,27,AZ
Angie O. Plasty,Angie_O._Plasty@naver.com,52,CA
Ella Vator,Ella_Vator@naver.com,55,FL
Sal Vidge,Sal_Vidge@hanmail.net,20,AL
Bart Ender,Bart_Ender@apple.com,52,CA
Artie Choke,Artie_Choke@naver.com,36,NY
Hans Olo,Hans_Olo@hanmail.net,26,NJ
Marge Arin,Marge_Arin@naver.com,39,DE
Hugh Briss,Hugh_Briss@gmail.com,46,WA
Gene Poole,Gene_Poole@naver.com,52,DE
Ty Tanic,Ty_Tanic@gmail.com,30,MI
Manuel Labor,Manuel_Labor@naver.com,48,CA
Lynn Guini,Lynn_Guini@apple.com,29,TX
Claire Voyant,Claire_Voyant@gmail.com,57,IL
Peg Leg,Peg_Leg@gmail.com,39,NV
Jack E. Sack,Jack_E._Sack@naver.com,31,NJ
Marty Graw,Marty_Graw@hanmail.net,39,CO
Ash Wednesday,Ash_Wednesday@hanmail.net,32,AZ
Olive Yu,Olive_Yu@gmail.com,48,IL
Gene Jacket,Gene_Jacket@naver.com,40,AL
Tom Atoe,Tom_Atoe@naver.com,27,MA
Doug Out,Doug_Out@apple.com,25,IL
Sharon Needles,Sharon_Needles@gmail.com,32,TX
Beau Tie,Beau_Tie@naver.com,39,IL
Serj Protector,Serj_Protector@naver.com,27,FL
Marcus Down,Marcus_Down@hanmail.net,28,NJ
Warren Peace,Warren_Peace@gmail.com,43,DE
Bud Jet,Bud_Jet@apple.com,38,NY
Barney Cull,Barney_Cull@naver.com,20,WA
Marion Gaze,Marion_Gaze@apple.com,28,NV
Eric Shun,Eric_Shun@apple.com,21,FL
Mal Practice,Mal_Practice@naver.com,29,NJ
Ed Itorial,Ed_Itorial@apple.com,31,NY
Rick Shaw,Rick_Shaw@apple.com,51,CA
Paul Issy,Paul_Issy@hanmail.net,20,NV
Ben Effit,Ben_Effit@apple.com,23,TX
Kat E. Gory,Kat_E._Gory@apple.com,26,CA
Justin Case,Justin_Case@gmail.com,42,CO
Louie Z. Ana,Louie_Z._Ana@hanmail.net,31,AZ
Aaron Ottix,Aaron_Ottix@gmail.com,39,DE
Ty Ballgame,Ty_Ballgame@apple.com,55,AL
Anne Fibbiyon,Anne_Fibbiyon@hanmail.net,19,NY
Barry Cuda,Barry_Cuda@gmail.com,55,WA
John Withawind,John_Withawind@apple.com,47,IL
Joe Thyme,Joe_Thyme@gmail.com,24,CA
Mary Goround,Mary_Goround@naver.com,20,CO
Marge Arita,Marge_Arita@apple.com,30,AZ
Frank Senbeans,Frank_Senbeans@hanmail.net,38,MA
Bill Dabear,Bill_Dabear@apple.com,33,CA
Ray Zindaroof,Ray_Zindaroof@naver.com,35,MA
Adam Zapple,Adam_Zapple@gmail.com,36,CO
Lewis N. Clark,Lewis_N._Clark@gmail.com,39,CA
Matt Schtick,Matt_Schtick@gmail.com,42,NY
Sue Shee,Sue_Shee@hanmail.net,38,TX
Chris P. Bacon,Chris_P._Bacon@naver.com,35,CA
Doug Lee Duckling,Doug_Lee_Duckling@hanmail.net,37,IL
Mason Protesters,Mason_Protesters@hanmail.net,26,NV
Sil Antro,Sil_Antro@gmail.com,31,WA
Cal Orie,Cal_Orie@gmail.com,44,NJ
Sara Bellum,Sara_Bellum@apple.com,56,NJ
Al Acart,Al_Acart@gmail.com,28,FL
Marv Ellis,Marv_Ellis@naver.com,37,WA
Evan Shlee,Evan_Shlee@apple.com,50,NY
Terry Bull,Terry_Bull@apple.com,43,IL
Mort Ission,Mort_Ission@gmail.com,28,NY
Mark Ette,Mark_Ette@hanmail.net,25,NV
Ken Tucky,Ken_Tucky@hanmail.net,32,WA
Louis Ville,Louis_Ville@gmail.com,32,WA
Colin Oscopy,Colin_Oscopy@hanmail.net,48,AL
Fred Attchini,Fred_Attchini@apple.com,47,MI
Al Fredo,Al_Fredo@hanmail.net,59,NV
Penny Tration,Penny_Tration@naver.com,48,IL
Reed Iculous,Reed_Iculous@naver.com,53,NV
Chip Zinsalsa,Chip_Zinsalsa@apple.com,49,IL
Matt Uhrafact,Matt_Uhrafact@gmail.com,26,FL
Jack Dup,Jack_Dup@naver.com,33,DE
Mike Roscope,Mike_Roscope@apple.com,34,AZ
Lou Sinclark,Lou_Sinclark@gmail.com,34,FL
Faye Daway,Faye_Daway@apple.com,56,FL
Javy Cado,Javy_Cado@gmail.com,59,CA
Tom Ollie,Tom_Ollie@gmail.com,25,CA
Sam Buca,Sam_Buca@apple.com,51,NY
Phil Anderer,Phil_Anderer@gmail.com,33,NJ
Sam Owen,Sam_Owen@gmail.com,42,NY
Mary Achi,Mary_Achi@hanmail.net,24,NJ
Ray Cyst,Ray_Cyst@apple.com,47,MA
Curtis E. Flush,Curtis_E._Flush@gmail.com,39,NJ
Holland Oats,Holland_Oats@naver.com,36,CO
Helen Highwater,Helen_Highwater@naver.com,38,MA
Eddy Kitt,Eddy_Kitt@apple.com,33,DE
Al Toesacks,Al_Toesacks@gmail.com,53,NJ
Sir Kim Scision,Sir_Kim_Scision@hanmail.net,25,MI
Elle Bowdrop,Elle_Bowdrop@naver.com,26,CO
Yu Tube,Yu_Tube@naver.com,34,TX
Ellis Dee,Ellis_Dee@gmail.com,20,AZ
Anna Lytics,Anna_Lytics@gmail.com,56,FL
Sara Bellum,Sara_Bellum@hanmail.net,35,CA
Penny Trate,Penny_Trate@gmail.com,42,TX
Phil Erup,Phil_Erup@gmail.com,45,IL
Jenna Side,Jenna_Side@gmail.com,42,TX
Mary Nara,Mary_Nara@naver.com,59,AL
Mick Donalds,Mick_Donalds@hanmail.net,39,NY
Amber Alert,Amber_Alert@naver.com,37,MA
Vic Tory,Vic_Tory@naver.com,20,NJ
Bobby Pin,Bobby_Pin@gmail.com,43,CO
Dom Inate,Dom_Inate@gmail.com,57,MA
Hugh Miliation,Hugh_Miliation@naver.com,57,MA
Christian Mingle,Christian_Mingle@apple.com,49,NJ
Juan Soponatime,Juan_Soponatime@hanmail.net,29,DE
Dante Sinferno,Dante_Sinferno@hanmail.net,39,NV
Ed Zupp,Ed_Zupp@hanmail.net,41,WA
Sarah Yevo,Sarah_Yevo@apple.com,32,CO
Jess Thetip,Jess_Thetip@hanmail.net,35,AZ
Arthur Itis,Arthur_Itis@apple.com,45,MI
Faye Sbook,Faye_Sbook@apple.com,35,AL
Carrie R. Pigeon,Carrie_R._Pigeon@apple.com,56,IL
Rachel Slurs,Rachel_Slurs@apple.com,54,CO
Ty Pryder,Ty_Pryder@hanmail.net,55,CO
Cole Slaw,Cole_Slaw@apple.com,25,NV
Pat Ernity,Pat_Ernity@gmail.com,20,IL
Deb Utant,Deb_Utant@naver.com,22,TX
Luke Warm,Luke_Warm@gmail.com,25,AL
Travis Tee,Travis_Tee@apple.com,37,MI
Clara Fication,Clara_Fication@hanmail.net,51,CA
Paul Itician,Paul_Itician@apple.com,52,NJ
Deb Utant,Deb_Utant@hanmail.net,25,MA
Moe Thegrass,Moe_Thegrass@gmail.com,30,NV
Carol Sell,Carol_Sell@gmail.com,31,AL
Scott Schtape,Scott_Schtape@apple.com,56,MI
Cody Pendant,Cody_Pendant@gmail.com,21,CA
Frank Furter,Frank_Furter@hanmail.net,33,CA
Barry Dalive,Barry_Dalive@naver.com,34,MI
Mort Adella,Mort_Adella@apple.com,40,MI
Ray Diation,Ray_Diation@apple.com,47,NJ
Mack Adamia,Mack_Adamia@gmail.com,23,CA
Farrah Moan,Farrah_Moan@naver.com,39,CO
Theo Retical,Theo_Retical@hanmail.net,41,AL
Eda Torial,Eda_Torial@hanmail.net,38,FL
Mae O'Nayse,Mae_O'Nayse@apple.com,46,NY
Bella Ruse,Bella_Ruse@apple.com,44,NV
Yuri thra,Yuri_thra@hanmail.net,47,NJ
Tucker Doubt,Tucker_Doubt@naver.com,58,CO
Cara Larm,Cara_Larm@gmail.com,27,NJ
Abel Body,Abel_Body@hanmail.net,60,NY
Sal Ami,Sal_Ami@apple.com,42,AL
Colin Derr,Colin_Derr@hanmail.net,30,DE
Cathy Derr,Cathy_Derr@apple.com,33,CA
Colin O'Scopy,Colin_O'Scopy@naver.com,32,AZ
Mel Anoma,Mel_Anoma@gmail.com,56,NJ
Adam Up,Adam_Up@naver.com,48,NJ
Lou Zing,Lou_Zing@gmail.com,19,NY
Mark Key,Mark_Key@hanmail.net,54,NJ
Sven Gineer,Sven_Gineer@apple.com,59,MI
Mick Rib,Mick_Rib@hanmail.net,55,NV
Benny Ficial,Benny_Ficial@gmail.com,42,WA
Genie Inabottle,Genie_Inabottle@hanmail.net,45,NJ
Gene Therapy,Gene_Therapy@gmail.com,38,DE
Reggie Stration,Reggie_Stration@apple.com,60,FL
Lou Ow,Lou_Ow@apple.com,52,MI
Lance Dorporal,Lance_Dorporal@hanmail.net,37,IL
Lou Tenant,Lou_Tenant@hanmail.net,55,CA
Nick Knack,Nick_Knack@gmail.com,20,IL
Patty Whack,Patty_Whack@gmail.com,48,AZ
Reuben Sandwich,Reuben Sandwich@apple.com,54,CA
Hugo Slavia,Hugo_Slavia@hanmail.net,59,NJ
Aaron Spacemuseum,Aaron_Spacemuseum@hanmail.net,45,DE
Petey Atricks,Petey_Atricks@apple.com,39,DE
Dan Delion,Dan_Delion@hanmail.net,34,AL
Terry Torial,Terry_Torial@naver.com,45,WA
Cal Q. Later,Cal_Q._Later@apple.com,59,NV
Jen Trification,Jen_Trification@apple.com,52,AZ
Indy Nile,Indy_Nile@naver.com,49,MI
Ray Volver,Ray_Volver@gmail.com,30,IL
Minnie Strone,Minnie_Strone@apple.com,59,AL
Gustav Wind,Gustav_Wind@apple.com,56,WA
Paul Samic,Paul_Samic@apple.com,37,IL
Vinny Gret,Vinny_Gret@apple.com,57,AZ
Joyce Tick,Joyce_Tick@hanmail.net,40,WA
Cliff Diver,Cliff_Diver@naver.com,46,IL
Earl E. Riser,Earl_E._Riser@naver.com,48,TX
Cooke Edoh,Cooke_Edoh@apple.com,25,NJ
Jen Youfelct,Jen_Youfelct@naver.com,24,AL
Reanne Carnation,Reanne_Carnation@hanmail.net,46,AZ
Paul Misunday,Paul_Misunday@gmail.com,47,NY
Chris P. Cream,Chris_P._Cream@hanmail.net,44,FL
Gio Metric,Gio_Metric@hanmail.net,52,NV
Caire Innet,Caire_Innet@hanmail.net,32,AL
Marsha Mello,Marsha_Mello@apple.com,59,NV
Manny Petty,Manny_Petty@gmail.com,20,NY
Val Adictorian,Val_Adictorian@naver.com,19,AZ
Lucy Tania,Lucy_Tania@naver.com,35,FL
Jaques Amole,Jaques_Amole@gmail.com,49,MA
